<?xml version="1.0"?>
<doc>
    <assembly>
        <name>n0tFlix.Plugin.TvSubtitles</name>
    </assembly>
    <members>
        <member name="T:n0tFlix.Plugin.TvSubtitles.Configuration.PluginConfiguration">
            <summary>
            The plugin configuration.
            </summary>
        </member>
        <member name="P:n0tFlix.Plugin.TvSubtitles.Configuration.PluginConfiguration.Username">
            <summary>
            Gets or sets the username.
            </summary>
        </member>
        <member name="P:n0tFlix.Plugin.TvSubtitles.Configuration.PluginConfiguration.Password">
            <summary>
            Gets or sets the password.
            </summary>
        </member>
        <member name="P:n0tFlix.Plugin.TvSubtitles.Configuration.PluginConfiguration.CustomApiKey">
            <summary>
            Gets or sets the custom API Key.
            </summary>
        </member>
        <member name="T:n0tFlix.Plugin.TvSubtitles.TvSubtitles">
            <summary>
            The open subtitles plugin.
            </summary>
        </member>
        <member name="M:n0tFlix.Plugin.TvSubtitles.TvSubtitles.#ctor(MediaBrowser.Common.Configuration.IApplicationPaths,MediaBrowser.Model.Serialization.IXmlSerializer)">
            <summary>
            Initializes a new instance of the <see cref="T:n0tFlix.Plugin.TvSubtitles.TvSubtitles"/> class.
            </summary>
            <param name="applicationPaths">Instance of the <see cref="T:MediaBrowser.Common.Configuration.IApplicationPaths"/> interface.</param>
            <param name="xmlSerializer">Instance of the <see cref="T:MediaBrowser.Model.Serialization.IXmlSerializer"/> interface.</param>
        </member>
        <member name="P:n0tFlix.Plugin.TvSubtitles.TvSubtitles.Name">
            <inheritdoc />
        </member>
        <member name="P:n0tFlix.Plugin.TvSubtitles.TvSubtitles.Id">
            <inheritdoc />
        </member>
        <member name="P:n0tFlix.Plugin.TvSubtitles.TvSubtitles.Instance">
            <summary>
            Gets the plugin instance.
            </summary>
        </member>
        <member name="M:n0tFlix.Plugin.TvSubtitles.TvSubtitles.GetPages">
            <inheritdoc />
        </member>
        <member name="T:n0tFlix.Plugin.TvSubtitles.SubtitleDownloader">
            <summary>
            The open subtitle downloader.
            </summary>
        </member>
        <member name="M:n0tFlix.Plugin.TvSubtitles.SubtitleDownloader.#ctor(Microsoft.Extensions.Logging.ILogger{n0tFlix.Plugin.TvSubtitles.SubtitleDownloader},System.Net.Http.IHttpClientFactory)">
            <summary>
            Initializes a new instance of the <see cref="T:n0tFlix.Plugin.TvSubtitles.SubtitleDownloader"/> class.
            </summary>
            <param name="logger">Instance of the <see cref="T:Microsoft.Extensions.Logging.ILogger`1"/> interface.</param>
            <param name="httpClientFactory">The <see cref="T:System.Net.Http.IHttpClientFactory"/> for creating Http Clients.</param>
        </member>
        <member name="P:n0tFlix.Plugin.TvSubtitles.SubtitleDownloader.Name">
            <inheritdoc />
        </member>
        <member name="P:n0tFlix.Plugin.TvSubtitles.SubtitleDownloader.SupportedMediaTypes">
            <inheritdoc />
        </member>
        <member name="M:n0tFlix.Plugin.TvSubtitles.SubtitleDownloader.GetSubtitles(System.String,System.Threading.CancellationToken)">
            <inheritdoc />
        </member>
        <member name="M:n0tFlix.Plugin.TvSubtitles.SubtitleDownloader.Search(MediaBrowser.Controller.Subtitles.SubtitleSearchRequest,System.Threading.CancellationToken)">
            <inheritdoc />
        </member>
    </members>
</doc>
